{
    "total": 100,
    "bin_counts": {
        "Right": 43,
        "Wrong": 57
    },
    "accuracy": 0.43,
    "avg_confidence": {
        "Right": 0.9511627906976744,
        "Wrong": 0.9438596491228071
    },
    "median_confidence": {
        "Right": 1.0,
        "Wrong": 0.9
    }
}